Age,Income,Credit_Score,Loan_Amount,Loan_Term,Employment_Status,Loan_Approved
56,81788,334,15022,48,Employed,0
69,102879,781,21013,24,Self-Employed,1
46,58827,779,39687,60,Self-Employed,0
32,127188,364,16886,24,Unemployed,0
60,25655,307,26256,36,Unemployed,0
25,64859,600,31005,36,Employed,0
38,73625,642,7638,24,Employed,0
56,72098,730,38419,36,Self-Employed,0
36,35251,723,34377,36,Employed,0
40,142413,631,41708,60,Employed,0
28,20526,737,44116,48,Unemployed,0
28,88760,473,37634,60,Employed,0
41,67837,826,17755,12,Employed,1
53,145133,325,24382,60,Employed,0
57,149478,705,23394,24,Employed,1
41,31536,531,3253,48,Self-Employed,0
20,48541,832,38710,24,Employed,0
39,99083,849,46098,12,Employed,0
19,71027,804,1864,48,Employed,1
41,54531,478,35036,36,Unemployed,0
61,28712,431,41222,60,Unemployed,0
47,124101,754,14666,24,Employed,1
55,85455,647,21955,12,Unemployed,0
19,94744,839,46138,36,Employed,0
38,141787,705,38997,60,Self-Employed,0
50,149749,375,17309,36,Employed,0
29,25109,791,5054,60,Unemployed,0
39,141332,493,1935,48,Employed,0
61,69268,461,45940,36,Employed,0
42,120737,646,23778,36,Employed,0
66,74615,660,44298,36,Self-Employed,0
44,102503,386,49328,48,Employed,0
59,143274,561,49924,12,Self-Employed,0
45,49759,513,17709,60,Employed,0
33,105708,561,10726,36,Employed,0
32,80112,582,41542,48,Employed,0
64,122471,766,21245,12,Self-Employed,1
68,146740,679,35753,60,Employed,0
61,143153,661,15252,48,Self-Employed,1
69,46589,748,22316,60,Self-Employed,0
20,50015,740,38371,36,Self-Employed,0
54,49009,392,20162,12,Employed,0
68,103309,723,16960,48,Unemployed,1
24,146446,441,31791,12,Unemployed,0
38,82046,590,43230,36,Employed,0
26,126661,731,26216,12,Unemployed,1
56,46143,348,33467,12,Employed,0
35,26154,601,47934,24,Employed,0
21,41804,489,8754,12,Employed,0
42,61688,435,48014,60,Employed,0
31,84288,703,5078,48,Employed,1
67,71195,640,13853,24,Employed,0
26,40581,617,5042,48,Unemployed,0
43,72648,662,15389,48,Employed,1
19,50087,681,31425,36,Employed,0
37,69930,532,3575,36,Employed,0
45,52981,643,40522,24,Employed,0
64,89298,848,29179,36,Unemployed,1
24,66167,828,35754,36,Employed,0
61,95304,482,19624,36,Unemployed,0
25,63408,340,21350,48,Employed,0
64,59499,696,27681,24,Unemployed,1
52,145816,793,24988,48,Employed,1
31,72269,632,16470,60,Employed,0
34,58559,426,25704,48,Unemployed,0
53,134126,300,39736,60,Employed,0
67,94319,467,30377,12,Unemployed,0
57,131925,318,29572,12,Unemployed,0
21,115317,631,8493,60,Employed,0
19,116347,755,5103,60,Employed,1
23,68787,408,35844,48,Employed,0
59,55488,567,3994,60,Self-Employed,0
21,94441,744,4744,24,Unemployed,1
46,94663,539,48234,12,Employed,0
35,42431,600,48291,12,Employed,0
43,81681,402,28332,60,Employed,0
61,83483,549,6594,36,Self-Employed,0
51,142720,752,41299,36,Employed,0
27,69153,819,8371,60,Employed,1
53,26368,452,48315,24,Self-Employed,0
31,47424,473,19028,36,Employed,0
48,132360,642,36912,60,Employed,0
65,65004,730,14990,24,Self-Employed,1
32,103869,623,47851,24,Unemployed,0
25,108652,719,17626,48,Employed,1
31,132755,784,21469,24,Employed,1
40,76985,711,41722,36,Employed,0
57,70069,383,41037,36,Employed,0
38,72326,412,8130,60,Self-Employed,0
33,128737,631,7828,60,Employed,0
62,101061,677,42612,24,Unemployed,0
35,43398,340,47988,12,Self-Employed,0
64,118393,404,40099,48,Employed,0
41,70861,501,47165,12,Employed,0
43,95897,749,18883,24,Employed,1
42,101905,565,44059,24,Self-Employed,0
62,147118,509,19542,12,Self-Employed,0
58,88577,417,43932,48,Employed,0
46,85641,676,11450,12,Unemployed,1
32,29078,839,21423,60,Employed,0
62,45003,383,3035,36,Self-Employed,0
18,82768,753,45231,60,Employed,0
42,71047,813,41745,36,Employed,0
24,91626,686,18241,24,Self-Employed,1
26,77660,649,24154,48,Employed,0
41,124386,595,26625,12,Employed,0
18,69786,557,45950,48,Employed,0
61,21925,380,34066,12,Employed,0
25,103976,567,34691,60,Employed,0
41,125221,718,14331,60,Self-Employed,1
28,137832,534,21690,12,Employed,0
68,145150,610,20183,48,Employed,0
34,46015,656,40346,12,Unemployed,0
25,53320,512,5875,24,Employed,0
52,84881,348,13254,60,Employed,0
52,110827,426,29621,24,Unemployed,0
50,140071,522,11905,60,Self-Employed,0
22,122215,578,47121,60,Unemployed,0
59,46289,707,16882,36,Unemployed,0
56,148859,804,20041,24,Employed,1
58,23389,593,30098,24,Self-Employed,0
45,45683,576,43431,36,Employed,0
24,33629,737,34709,48,Unemployed,0
26,81550,406,35675,24,Employed,0
25,44826,719,5837,12,Self-Employed,0
29,120734,728,47448,36,Unemployed,0
51,46630,674,25489,24,Unemployed,0
50,118762,372,18627,48,Employed,0
65,66163,329,6696,24,Employed,0
40,118511,487,49994,60,Unemployed,0
41,86435,663,14543,12,Unemployed,1
54,31653,750,13615,36,Employed,0
52,47961,494,2466,60,Self-Employed,0
61,101941,455,31771,48,Self-Employed,0
57,94137,471,19350,60,Employed,0
39,53662,340,1375,60,Self-Employed,0
44,118818,362,34030,48,Employed,0
52,76446,322,21746,60,Employed,0
18,41288,659,23886,36,Employed,0
52,142555,374,45348,24,Employed,0
54,115081,417,43904,60,Unemployed,0
64,56877,679,33651,36,Employed,0
31,131562,589,8833,24,Unemployed,0
20,35313,739,2893,24,Unemployed,0
18,100885,306,31573,60,Unemployed,0
22,92715,495,32371,36,Employed,0
43,30326,720,41874,60,Self-Employed,0
31,130091,492,12826,48,Employed,0
56,145836,447,35420,24,Employed,0
44,21560,501,22924,60,Employed,0
26,99148,743,34367,24,Employed,0
32,103186,718,22199,36,Self-Employed,1
32,46745,726,26868,12,Employed,0
43,51890,778,9792,60,Unemployed,1
59,40022,774,21597,60,Employed,0
30,143629,425,37405,24,Employed,0
68,72579,694,33696,36,Self-Employed,0
49,90316,624,44123,48,Unemployed,0
56,103847,691,16989,36,Employed,1
66,48380,739,29931,60,Employed,0
69,130198,503,10290,48,Employed,0
49,22356,785,39367,36,Employed,0
21,90326,330,15342,12,Unemployed,0
47,112447,687,25941,24,Unemployed,1
54,134994,733,14945,36,Employed,1
40,109899,675,11762,36,Self-Employed,1
56,40049,643,31133,12,Employed,0
62,95717,742,48080,60,Employed,0
32,125361,374,41150,24,Employed,0
60,36082,454,28052,36,Unemployed,0
46,20661,729,42750,48,Employed,0
53,57412,662,20953,36,Employed,1
30,134015,747,41475,24,Employed,0
49,143191,533,18130,36,Employed,0
24,22920,561,32086,12,Self-Employed,0
68,111194,424,5633,36,Employed,0
39,134306,544,18304,36,Employed,0
45,80315,841,43037,48,Unemployed,0
19,99561,784,33284,12,Self-Employed,0
59,28946,421,47546,12,Self-Employed,0
62,114242,424,8008,36,Employed,0
23,65500,848,49291,48,Employed,0
45,124540,469,28405,36,Employed,0
45,36309,423,37386,36,Employed,0
61,75230,334,26373,24,Self-Employed,0
61,131822,386,21827,24,Employed,0
37,118656,500,34040,48,Employed,0
47,143782,668,14007,60,Employed,1
28,50027,376,19157,24,Employed,0
45,146768,358,33157,60,Unemployed,0
42,92541,730,36315,12,Employed,0
56,132340,799,36932,24,Employed,0
50,134846,408,22164,24,Employed,0
18,79321,577,15414,48,Employed,0
44,20956,367,15327,60,Employed,0
69,120375,368,49344,24,Unemployed,0
30,94131,464,1946,24,Employed,0
58,67908,788,15693,48,Unemployed,1
20,98339,604,28241,48,Self-Employed,0
56,145659,664,31254,60,Self-Employed,0
23,45963,678,16540,12,Self-Employed,0
25,121757,642,7719,12,Employed,0
44,59443,653,42203,36,Employed,0
26,119259,715,26081,24,Employed,1
54,59063,408,12350,60,Self-Employed,0
50,134225,796,37358,24,Self-Employed,0
68,136400,640,33021,60,Self-Employed,0
59,100818,682,43832,60,Employed,0
61,24703,832,29369,60,Self-Employed,0
41,85128,599,32728,24,Employed,0
32,92099,438,18576,48,Employed,0
49,45849,658,30001,24,Employed,0
49,51860,798,18848,60,Employed,1
41,51585,684,1390,36,Employed,1
58,42015,579,22999,12,Employed,0
69,97539,782,46436,60,Employed,0
66,63585,410,12569,36,Unemployed,0
66,46958,438,14029,48,Self-Employed,0
69,46017,734,23490,60,Unemployed,0
29,96707,808,46875,36,Employed,0
56,144677,572,36328,60,Self-Employed,0
19,65350,398,6867,24,Self-Employed,0
20,32201,403,16284,36,Employed,0
66,49426,513,34979,24,Employed,0
54,37778,464,10121,24,Employed,0
66,65241,819,2539,36,Employed,1
34,62229,583,26488,12,Unemployed,0
66,106652,816,18027,36,Self-Employed,1
19,148267,463,9693,12,Employed,0
19,138402,363,9921,60,Self-Employed,0
45,68364,390,11310,60,Self-Employed,0
40,118833,416,46512,36,Self-Employed,0
54,146503,566,31908,60,Employed,0
49,149044,439,5386,48,Self-Employed,0
50,104878,545,33263,24,Employed,0
18,77056,694,29412,24,Employed,1
36,47490,786,18303,12,Employed,0
19,147769,775,13242,60,Employed,1
61,39975,816,48025,12,Unemployed,0
43,46723,483,9947,24,Employed,0
49,43279,319,47714,24,Employed,0
23,98301,823,6930,60,Employed,1
49,132214,828,39170,48,Unemployed,0
21,31561,446,49785,48,Employed,0
28,127435,603,1507,60,Self-Employed,0
34,86061,527,2436,60,Employed,0
55,108397,401,28151,12,Employed,0
41,69153,716,12618,60,Employed,1
22,53142,515,9750,48,Employed,0
69,46916,706,17122,60,Employed,0
51,84324,698,8354,12,Employed,1
23,64965,798,45062,12,Self-Employed,0
39,145932,764,31979,12,Unemployed,0
28,24648,381,21900,12,Employed,0
65,55133,664,14840,36,Employed,1
33,70677,462,38167,60,Self-Employed,0
50,116059,347,6037,24,Employed,0
26,114588,810,29633,60,Employed,1
23,119950,628,25495,36,Unemployed,0
33,118317,415,16848,12,Unemployed,0
46,90135,636,37483,36,Employed,0
20,55046,446,48645,48,Employed,0
37,67064,622,8837,48,Employed,0
53,121459,742,35069,60,Unemployed,0
36,126625,312,8370,60,Employed,0
43,89350,793,7411,24,Employed,1
20,65893,586,40133,24,Employed,0
36,121520,413,31499,48,Employed,0
37,145818,779,31225,12,Self-Employed,0
49,81272,321,49217,36,Self-Employed,0
24,112152,648,1692,24,Unemployed,0
69,142907,619,29926,24,Employed,0
58,87649,425,35246,12,Employed,0
50,84674,576,40164,12,Employed,0
57,144132,503,9448,60,Employed,0
56,139044,493,44390,36,Self-Employed,0
35,128542,846,11073,12,Employed,1
57,33760,585,36414,24,Employed,0
18,41927,356,6209,24,Employed,0
28,106475,602,7533,48,Unemployed,0
45,81367,462,22061,12,Employed,0
42,117955,318,8211,60,Employed,0
67,32588,669,10927,36,Employed,0
40,141750,563,12927,60,Self-Employed,0
48,121678,412,25594,24,Employed,0
47,124734,787,10316,60,Self-Employed,1
59,138154,626,13177,24,Self-Employed,0
52,72233,841,11846,24,Employed,1
24,64738,364,8933,24,Unemployed,0
33,53397,591,39244,24,Employed,0
43,102189,324,47621,24,Self-Employed,0
65,96367,848,41696,48,Employed,0
69,144873,300,3080,60,Employed,0
66,91260,848,7089,48,Employed,1
19,140585,440,27123,48,Employed,0
18,96619,487,8797,12,Self-Employed,0
65,131453,427,9346,12,Employed,0
29,39816,500,20878,12,Unemployed,0
22,62240,426,34672,36,Employed,0
54,26276,556,18653,12,Self-Employed,0
49,133939,846,43742,60,Employed,0
26,124199,493,27140,48,Employed,0
58,99530,403,2184,60,Employed,0
52,43499,834,35493,12,Unemployed,0
36,108576,564,45148,36,Employed,0
65,128856,683,25846,36,Employed,1
33,102495,559,46825,48,Employed,0
20,141717,713,23195,60,Unemployed,1
37,91635,657,6606,24,Employed,1
41,127803,374,4956,60,Employed,0
50,105112,654,17555,12,Employed,1
41,55946,487,25849,24,Self-Employed,0
69,75204,589,19690,36,Self-Employed,0
28,71886,344,49849,48,Employed,0
66,91652,382,27347,48,Employed,0
25,35563,422,34189,36,Employed,0
53,112324,657,39308,12,Employed,0
55,112464,827,26785,36,Employed,1
57,121872,365,33698,12,Unemployed,0
37,29847,674,16966,24,Employed,0
52,46155,461,32097,36,Self-Employed,0
65,99671,679,16882,12,Employed,1
42,136891,657,5675,24,Unemployed,1
52,103310,487,42850,36,Employed,0
42,87278,621,14009,48,Employed,0
46,38309,749,28843,36,Employed,0
35,20619,773,30793,60,Employed,0
63,103194,312,40516,36,Employed,0
35,70108,483,39871,60,Unemployed,0
19,54707,410,18857,24,Self-Employed,0
52,40337,807,20627,36,Employed,0
33,145261,589,19565,24,Employed,0
58,101537,594,27025,24,Employed,0
53,86504,750,28832,12,Employed,1
50,67614,514,45116,24,Employed,0
21,111428,326,10782,24,Unemployed,0
50,111155,530,39650,36,Self-Employed,0
31,20281,620,23366,36,Self-Employed,0
38,47420,532,29557,48,Employed,0
65,100896,736,6798,12,Self-Employed,1
37,59030,832,10627,24,Unemployed,1
25,21058,702,42183,12,Employed,0
24,106213,352,13466,60,Employed,0
20,96260,612,43614,24,Self-Employed,0
34,48404,580,13720,12,Employed,0
50,123482,330,42913,48,Employed,0
65,125284,636,38292,48,Employed,0
29,49856,482,7559,24,Employed,0
68,29200,322,41388,60,Employed,0
39,84178,843,20158,48,Self-Employed,1
39,53997,745,31916,48,Unemployed,0
63,45611,373,23057,60,Unemployed,0
47,139273,309,36892,12,Employed,0
55,61235,783,42439,48,Unemployed,0
55,137428,755,12706,36,Employed,1
62,55057,459,13070,48,Employed,0
68,21239,313,41902,12,Employed,0
25,123674,477,1924,12,Employed,0
44,134474,711,27478,24,Employed,1
44,85661,352,6506,36,Employed,0
51,146945,707,47418,12,Employed,0
38,65272,321,36163,60,Employed,0
47,109393,329,25604,36,Self-Employed,0
50,81212,559,16310,36,Employed,0
45,144088,504,9226,60,Unemployed,0
64,35398,358,12781,48,Employed,0
50,140030,770,6515,60,Employed,1
22,76503,765,37133,60,Self-Employed,0
65,26638,311,17972,48,Employed,0
36,26570,589,33092,48,Employed,0
21,88785,653,12410,48,Unemployed,1
52,29110,374,20522,48,Employed,0
66,125899,740,10095,48,Self-Employed,1
34,99141,540,24047,60,Employed,0
61,32115,453,21470,24,Employed,0
45,59062,395,44129,24,Employed,0
47,42911,593,9531,12,Employed,0
46,124061,508,38038,24,Self-Employed,0
63,52556,642,23403,24,Unemployed,0
23,98131,387,43674,60,Employed,0
52,148335,689,30122,48,Employed,0
58,21969,624,17940,48,Unemployed,0
54,63753,456,30831,60,Employed,0
41,102811,436,12279,24,Employed,0
46,24470,727,39220,60,Employed,0
66,141863,751,7477,12,Employed,1
63,30225,440,18400,48,Unemployed,0
48,127860,382,7470,36,Self-Employed,0
52,143008,476,3062,12,Employed,0
50,127510,497,42798,12,Employed,0
69,128295,720,20880,60,Employed,1
38,43196,700,35581,24,Employed,0
49,125823,770,45439,48,Employed,0
40,33669,517,15308,36,Self-Employed,0
50,57380,474,27027,12,Employed,0
20,144398,322,31720,36,Employed,0
35,130677,534,36081,24,Employed,0
42,135886,312,10706,24,Employed,0
59,146753,400,10837,36,Employed,0
48,68320,835,39599,48,Unemployed,0
20,67414,822,37824,24,Employed,0
57,123542,751,34073,36,Unemployed,0
63,35577,730,48115,12,Employed,0
41,145354,832,33088,36,Employed,0
67,108009,592,29112,36,Employed,0
49,146365,400,27299,60,Employed,0
64,75409,801,35457,24,Employed,0
39,48625,603,31063,48,Employed,0
40,101040,839,4917,48,Unemployed,1
19,44089,654,3936,60,Unemployed,0
44,56487,602,37630,48,Employed,0
59,85838,795,15506,36,Employed,1
19,116999,526,29805,60,Employed,0
43,130448,535,15318,12,Employed,0
34,114795,754,49068,24,Employed,0
57,70138,312,27026,24,Self-Employed,0
50,62823,509,28672,24,Employed,0
26,57208,696,39417,36,Employed,0
60,74061,399,28281,12,Employed,0
65,50659,330,49442,60,Employed,0
56,149824,827,29091,60,Unemployed,1
46,121376,628,39328,24,Employed,0
59,51890,465,49219,12,Employed,0
43,99134,758,19610,12,Unemployed,1
52,67055,399,2079,12,Employed,0
67,132269,472,30850,48,Unemployed,0
42,39508,461,47751,48,Employed,0
41,62287,562,21590,24,Employed,0
30,98916,573,31951,12,Unemployed,0
24,46984,302,16327,12,Employed,0
53,130169,327,13755,60,Employed,0
62,28125,625,8235,60,Employed,0
37,56059,448,18197,24,Employed,0
18,89569,839,22473,12,Unemployed,1
25,123409,787,3031,24,Self-Employed,1
63,37087,737,42282,60,Self-Employed,0
33,126437,364,42863,60,Unemployed,0
31,135262,655,15287,48,Employed,1
29,25704,832,39679,24,Employed,0
68,80576,551,45463,24,Employed,0
40,93384,534,33230,12,Employed,0
32,107128,526,20037,12,Employed,0
45,131279,824,28052,48,Self-Employed,1
51,92460,612,4340,36,Employed,0
19,47208,348,41644,36,Employed,0
49,138516,417,49664,36,Employed,0
40,149612,353,46203,24,Self-Employed,0
39,105150,343,2141,24,Unemployed,0
68,86024,352,26425,60,Unemployed,0
42,59882,824,20281,24,Employed,1
39,45923,401,43049,24,Self-Employed,0
39,146561,697,21425,24,Employed,1
66,134044,437,35806,48,Self-Employed,0
69,121477,686,33113,24,Employed,0
59,49165,410,5270,12,Employed,0
23,87203,316,43814,12,Employed,0
32,111749,481,5683,60,Unemployed,0
60,24114,835,40884,48,Employed,0
54,84965,840,30809,12,Self-Employed,0
50,56321,470,35552,48,Employed,0
25,93297,708,4786,48,Employed,1
61,116652,677,22650,60,Employed,1
61,119304,487,29706,48,Employed,0
22,133942,529,10190,24,Employed,0
56,45426,418,39196,48,Employed,0
21,37772,455,40449,60,Unemployed,0
23,123754,764,40661,60,Employed,0
62,23712,403,30709,60,Self-Employed,0
49,21367,801,46429,12,Employed,0
69,126493,474,15892,24,Self-Employed,0
47,127317,720,10643,12,Employed,1
64,135142,433,10943,36,Employed,0
52,111736,690,44240,24,Employed,0
57,71924,800,46760,48,Employed,0
69,23726,332,22042,60,Self-Employed,0
33,109152,354,44894,36,Employed,0
30,47723,818,7869,24,Employed,0
67,146969,311,41437,12,Self-Employed,0
59,123110,827,45306,60,Employed,0
47,120494,672,43833,12,Unemployed,0
36,29108,783,21918,24,Employed,0
34,97714,527,29379,24,Self-Employed,0
36,55643,606,43939,36,Employed,0
45,51324,756,26274,48,Employed,1
43,123896,459,18696,12,Employed,0
54,103360,630,3962,36,Self-Employed,0
43,130896,524,14851,60,Employed,0
40,28927,803,46747,48,Employed,0
26,113680,755,6296,36,Unemployed,1
29,116546,344,15745,12,Self-Employed,0
18,42443,513,6730,24,Self-Employed,0
18,99973,358,14921,60,Self-Employed,0
64,83449,494,33894,12,Employed,0
51,129834,788,6602,48,Employed,1
49,125314,456,18575,48,Unemployed,0
65,96743,525,20023,24,Self-Employed,0
42,141805,711,46349,24,Employed,0
57,80233,504,16997,60,Employed,0
62,45537,378,18750,60,Unemployed,0
18,121293,423,42979,24,Employed,0
33,97576,770,23837,24,Employed,1
56,127522,517,15997,48,Employed,0
22,42612,815,40439,24,Employed,0
39,113977,403,24067,36,Unemployed,0
46,26471,692,46039,12,Employed,0
20,55631,733,21923,24,Unemployed,1
29,148449,630,9876,60,Employed,0
43,128997,442,3887,36,Employed,0
33,112059,839,43422,60,Unemployed,0
68,51348,577,37854,36,Employed,0
54,84732,532,37948,24,Employed,0
39,21177,828,3841,12,Employed,0
46,24760,389,29756,60,Employed,0
31,52779,791,7040,36,Employed,1
45,41636,498,11304,48,Self-Employed,0
22,101889,661,31341,24,Unemployed,0
64,73551,740,5758,12,Unemployed,1
66,31556,325,18010,24,Employed,0
47,47598,324,32658,48,Employed,0
63,31563,693,38782,12,Employed,0
69,66819,806,2375,48,Employed,1
22,129326,600,34949,24,Employed,0
29,93770,638,23092,36,Employed,0
33,111055,566,1490,24,Self-Employed,0
43,46966,760,4729,24,Employed,0
43,140133,755,6974,24,Employed,1
65,101709,659,20680,60,Unemployed,1
38,79889,367,19324,48,Employed,0
56,46987,711,32334,48,Self-Employed,0
53,98714,790,22398,48,Unemployed,1
50,124874,348,35650,60,Self-Employed,0
47,78348,401,22292,36,Employed,0
54,44596,515,36755,24,Unemployed,0
40,53174,737,39353,36,Employed,0
27,84106,458,4159,60,Unemployed,0
22,127510,788,33626,48,Employed,0
53,89967,541,30351,24,Employed,0
51,79182,304,38298,12,Employed,0
69,113300,660,18065,12,Employed,1
48,107163,758,22638,36,Self-Employed,1
27,59310,547,2073,48,Unemployed,0
36,76088,721,47511,12,Unemployed,0
49,148803,314,19771,36,Employed,0
18,28906,421,36461,60,Unemployed,0
22,56914,576,43330,36,Employed,0
62,130350,752,30320,36,Self-Employed,0
21,65379,689,5340,36,Self-Employed,1
33,98612,593,35924,24,Employed,0
41,134828,745,17184,36,Self-Employed,1
33,147445,509,41734,36,Employed,0
19,57650,601,3580,24,Employed,0
66,66881,522,41025,24,Employed,0
45,66413,302,29967,60,Employed,0
49,26012,817,3159,48,Unemployed,0
44,70115,392,49940,12,Employed,0
37,27151,819,14900,12,Employed,0
41,77716,727,12440,36,Employed,1
29,113747,792,15678,60,Unemployed,1
67,112653,534,48204,36,Self-Employed,0
52,56378,460,13021,12,Unemployed,0
50,62652,630,7772,24,Unemployed,0
50,92430,632,2627,48,Employed,0
68,33467,349,45432,60,Employed,0
60,51010,822,9219,24,Employed,1
54,148647,791,24464,48,Employed,1
29,141999,571,31232,60,Unemployed,0
20,134793,551,43481,60,Employed,0
18,74691,389,9488,12,Unemployed,0
50,84157,745,35949,24,Employed,0
57,128177,631,45362,60,Employed,0
27,32289,438,40932,60,Employed,0
60,64976,656,19981,48,Self-Employed,1
61,63596,573,1901,12,Unemployed,0
46,43171,318,23444,36,Self-Employed,0
30,120441,610,43058,12,Employed,0
29,146296,453,19061,36,Self-Employed,0
48,106365,689,3881,24,Employed,1
63,138218,559,30863,24,Employed,0
19,119590,424,46826,60,Self-Employed,0
68,134014,653,6622,24,Employed,1
67,64139,572,2378,60,Unemployed,0
52,68713,544,18632,12,Employed,0
40,49734,749,29311,24,Employed,0
34,92588,546,6650,12,Self-Employed,0
43,83646,819,46201,12,Employed,0
25,23654,440,43224,24,Unemployed,0
46,109022,661,8036,12,Employed,1
43,38743,307,40255,24,Unemployed,0
27,68368,777,23499,24,Employed,1
43,110025,651,38016,24,Employed,0
51,94172,794,5603,36,Employed,1
68,26441,726,28773,12,Employed,0
58,139735,338,20937,48,Self-Employed,0
24,44611,486,13632,24,Employed,0
21,139891,392,31607,12,Employed,0
67,127971,385,27337,60,Employed,0
62,32149,343,1220,24,Employed,0
28,120102,436,47994,24,Unemployed,0
46,79189,720,5818,48,Self-Employed,1
53,127904,373,8349,36,Employed,0
42,41675,847,6618,36,Self-Employed,0
38,91031,811,28464,24,Employed,1
53,62668,455,43624,12,Employed,0
27,33673,554,38344,60,Unemployed,0
54,149582,470,19255,60,Employed,0
26,96666,469,25299,12,Unemployed,0
41,108204,621,48975,24,Self-Employed,0
52,100758,755,2462,60,Employed,1
66,85429,454,16905,36,Self-Employed,0
52,43669,648,25920,12,Unemployed,0
65,54068,750,17252,48,Employed,1
53,108789,472,42004,24,Unemployed,0
35,29435,309,41581,12,Employed,0
66,114088,564,35836,60,Self-Employed,0
56,72249,737,6753,24,Unemployed,1
49,57384,546,41005,36,Employed,0
41,148782,845,15175,24,Employed,1
40,101929,798,7191,24,Unemployed,1
49,147959,428,18898,36,Employed,0
54,96153,626,19982,36,Employed,0
29,124056,703,15622,24,Employed,1
66,95388,658,2001,36,Employed,1
30,51401,316,48645,12,Employed,0
40,145511,573,44000,36,Employed,0
42,91831,415,24283,36,Employed,0
52,139503,390,22435,24,Unemployed,0
58,135760,381,28223,12,Employed,0
47,121529,623,38244,48,Employed,0
34,147834,413,31024,48,Employed,0
66,54084,357,31734,60,Employed,0
37,140387,453,1515,36,Employed,0
65,130641,703,46246,36,Employed,0
42,125111,565,2191,12,Employed,0
39,75826,614,33264,48,Self-Employed,0
30,56451,340,44628,60,Unemployed,0
36,27227,404,47216,12,Unemployed,0
66,51910,492,7297,36,Unemployed,0
53,56041,700,28856,48,Unemployed,1
29,108920,577,9334,60,Employed,0
58,85681,653,25162,24,Unemployed,1
36,123314,555,7008,48,Employed,0
29,101571,398,8987,60,Unemployed,0
26,85481,581,31966,12,Unemployed,0
24,88576,702,4332,24,Employed,1
45,127958,408,1787,60,Employed,0
31,149265,498,39990,60,Employed,0
48,147556,602,10873,36,Unemployed,0
69,84174,626,18006,48,Unemployed,0
36,46160,453,21225,36,Self-Employed,0
64,135170,704,37444,24,Employed,0
33,137867,761,36340,60,Unemployed,0
22,37633,431,40683,36,Employed,0
52,114880,383,6033,48,Self-Employed,0
29,37014,698,8788,24,Employed,0
42,100532,408,16689,12,Employed,0
69,69104,520,45220,36,Employed,0
38,61621,667,22598,24,Unemployed,1
53,97231,446,38480,12,Self-Employed,0
40,88388,411,30703,36,Employed,0
33,36014,793,1066,24,Employed,0
56,112578,804,49623,24,Self-Employed,0
62,53755,774,46246,36,Employed,0
59,60390,570,8533,24,Unemployed,0
56,43711,720,16103,60,Employed,0
31,111658,666,5616,36,Employed,1
48,77993,579,47045,24,Unemployed,0
22,94696,582,39498,12,Unemployed,0
52,47213,339,44492,12,Employed,0
40,135788,488,12772,60,Employed,0
46,124956,463,24849,36,Self-Employed,0
60,77784,835,13940,24,Employed,1
28,27421,835,17932,24,Self-Employed,0
35,106936,303,30769,12,Employed,0
64,119073,589,25648,60,Employed,0
29,37727,732,48411,12,Self-Employed,0
26,132418,770,33966,12,Unemployed,0
27,24358,480,28777,60,Employed,0
61,85108,547,33567,36,Unemployed,0
34,146609,578,18174,24,Employed,0
55,114018,553,43598,36,Employed,0
24,144457,480,14798,48,Self-Employed,0
63,52117,808,18558,48,Unemployed,1
30,108700,625,45237,48,Unemployed,0
57,51910,656,1178,60,Employed,1
59,146888,690,21470,12,Employed,1
26,118032,384,18118,36,Employed,0
67,75754,616,23616,24,Employed,0
44,82438,511,1798,48,Unemployed,0
19,129847,814,8601,36,Employed,1
22,49371,683,26363,48,Self-Employed,0
46,71501,641,3795,48,Employed,0
54,80946,337,32926,24,Employed,0
55,58467,810,46264,60,Employed,0
36,37625,719,38356,12,Employed,0
25,53893,468,8297,60,Employed,0
65,96329,642,4084,36,Self-Employed,0
62,51007,605,31329,60,Employed,0
18,111302,841,12110,36,Self-Employed,1
39,59532,836,1731,36,Employed,1
69,74253,411,2129,12,Self-Employed,0
34,32323,710,29022,24,Employed,0
24,131335,505,2605,12,Self-Employed,0
42,132356,484,12970,60,Employed,0
62,130944,681,44705,36,Unemployed,0
21,93379,795,45130,48,Self-Employed,0
53,34210,678,30265,48,Employed,0
23,36456,346,33330,36,Employed,0
48,51367,827,3933,12,Employed,1
36,74624,803,16187,24,Self-Employed,1
61,30106,321,26791,12,Employed,0
56,123493,512,25900,36,Employed,0
44,88008,609,6074,36,Employed,0
27,145926,571,47805,24,Employed,0
43,135395,501,27426,60,Self-Employed,0
36,136492,331,40867,60,Employed,0
56,92240,742,1893,24,Unemployed,1
20,84315,461,35158,60,Self-Employed,0
62,89249,553,20773,48,Employed,0
30,90587,820,5239,60,Unemployed,1
67,30756,779,21863,60,Employed,0
45,88011,309,4432,60,Unemployed,0
37,56378,804,36139,48,Employed,0
45,24255,735,2515,60,Unemployed,0
25,34484,410,32670,48,Employed,0
58,145703,452,49674,24,Employed,0
56,76549,401,40094,12,Employed,0
18,54503,490,15605,24,Employed,0
20,144465,380,6586,12,Unemployed,0
30,93794,788,36685,24,Employed,0
45,145941,387,49669,12,Unemployed,0
66,126283,493,32186,12,Employed,0
42,120732,403,27928,36,Unemployed,0
50,65113,395,33728,12,Employed,0
55,125730,722,18551,12,Employed,1
23,94069,497,22493,36,Employed,0
61,118117,300,21711,60,Unemployed,0
62,25249,706,21039,60,Employed,0
49,145654,677,37561,36,Self-Employed,0
62,139979,466,10947,48,Self-Employed,0
64,39201,808,33335,12,Employed,0
38,145541,612,16859,12,Unemployed,0
33,78576,717,24122,36,Employed,1
38,138562,776,2577,36,Employed,1
28,145281,372,43256,48,Unemployed,0
54,29686,440,29350,60,Unemployed,0
53,132413,561,42932,24,Unemployed,0
52,73363,639,34798,60,Employed,0
36,117543,607,32898,12,Employed,0
37,20661,544,16881,36,Employed,0
35,64843,814,11785,48,Unemployed,1
64,115673,636,7691,60,Employed,0
58,80963,375,18297,48,Unemployed,0
66,133092,474,7358,60,Employed,0
31,62828,408,20581,12,Employed,0
32,68604,482,2462,24,Employed,0
48,30526,491,16511,48,Employed,0
18,88910,364,11570,48,Employed,0
20,45592,773,49665,24,Self-Employed,0
33,48982,399,45414,48,Self-Employed,0
40,20207,843,16474,48,Employed,0
28,120969,427,8037,60,Employed,0
29,137181,751,29129,60,Employed,1
27,108733,668,43267,24,Self-Employed,0
49,118936,342,14386,12,Employed,0
33,144982,718,7221,48,Self-Employed,1
25,145839,787,24474,12,Employed,1
55,88619,377,41537,24,Employed,0
29,49328,569,48124,24,Self-Employed,0
41,66479,614,22045,60,Employed,0
45,128427,467,26783,48,Employed,0
25,40103,638,41157,36,Employed,0
45,59891,492,5922,24,Employed,0
53,30754,752,47407,48,Employed,0
43,119983,582,23706,12,Unemployed,0
25,101437,635,43771,60,Unemployed,0
67,118540,689,33479,12,Employed,0
45,92982,824,6178,24,Self-Employed,1
45,122747,539,31022,24,Employed,0
54,75922,782,16240,12,Employed,1
58,68231,757,27220,24,Employed,1
53,49301,388,37736,48,Employed,0
44,111652,394,3716,24,Employed,0
34,140787,751,17574,60,Self-Employed,1
26,146823,727,47279,48,Employed,0
50,82711,450,18719,36,Employed,0
37,61323,813,9181,24,Employed,1
30,38752,675,46763,24,Unemployed,0
45,117912,321,45066,60,Self-Employed,0
65,102205,612,21213,60,Employed,0
46,118452,818,7380,12,Employed,1
30,33395,505,1615,12,Employed,0
63,105957,674,1463,12,Employed,1
52,141237,750,32973,60,Employed,0
23,76273,478,10158,12,Employed,0
35,147431,509,21651,12,Employed,0
68,111878,799,4158,36,Employed,1
22,24895,763,21008,12,Employed,0
64,139968,423,47202,24,Self-Employed,0
42,135700,412,5938,60,Self-Employed,0
19,96559,311,39185,48,Employed,0
27,30699,425,23388,36,Employed,0
47,85061,630,9881,60,Employed,0
67,29715,582,6603,60,Employed,0
62,39169,439,35980,24,Unemployed,0
22,145436,700,23504,12,Employed,1
50,138413,396,17766,24,Self-Employed,0
18,36163,816,29386,12,Self-Employed,0
35,139264,368,12695,12,Employed,0
49,25782,417,18796,60,Employed,0
64,108177,358,43543,12,Employed,0
66,149772,332,15559,36,Employed,0
28,144481,617,39914,36,Employed,0
38,104328,349,34139,36,Employed,0
43,135028,788,39333,60,Self-Employed,0
42,55585,318,9802,24,Employed,0
39,50682,496,9307,48,Employed,0
44,67864,749,41205,12,Unemployed,0
66,149992,751,34214,48,Unemployed,0
30,104416,588,35159,24,Employed,0
50,75114,440,12516,24,Self-Employed,0
51,147810,383,30086,60,Employed,0
58,58067,690,49222,36,Employed,0
52,62685,514,31480,36,Employed,0
18,142262,825,45659,24,Employed,0
38,38073,514,48766,60,Self-Employed,0
65,56035,702,39737,60,Unemployed,0
23,84977,427,10265,12,Self-Employed,0
45,122710,776,49629,36,Employed,0
34,110373,703,6454,24,Employed,1
22,103362,328,36918,48,Employed,0
48,110517,637,27181,36,Employed,0
22,85450,660,16386,12,Unemployed,1
55,30382,691,40182,60,Unemployed,0
20,24437,517,38425,24,Employed,0
40,90971,501,44254,36,Employed,0
54,84612,316,25327,48,Employed,0
54,110355,621,22181,12,Employed,0
27,81929,817,48662,12,Employed,0
27,122411,624,22452,36,Employed,0
36,117518,711,39248,48,Employed,0
34,118864,617,41801,12,Employed,0
38,32329,381,34751,24,Employed,0
31,145605,773,22991,12,Employed,1
26,45169,767,42311,48,Unemployed,0
63,107468,724,10916,60,Employed,1
18,54594,503,11143,60,Self-Employed,0
68,96957,686,26855,36,Employed,1
62,80631,397,16581,48,Employed,0
30,65033,644,2907,12,Employed,0
21,83133,507,30424,12,Employed,0
18,93165,813,24308,60,Self-Employed,1
66,93861,465,42984,60,Employed,0
57,72290,321,42505,24,Self-Employed,0
49,114031,453,47525,60,Self-Employed,0
51,51750,738,37942,24,Employed,0
45,115155,594,27957,12,Employed,0
48,60461,518,26464,24,Unemployed,0
25,93800,794,49476,24,Employed,0
56,98222,529,24649,36,Unemployed,0
43,132020,319,43065,60,Employed,0
51,44226,447,28125,24,Employed,0
20,26721,407,35758,12,Employed,0
67,76154,702,6596,48,Employed,1
29,40609,782,17374,24,Self-Employed,0
18,72130,666,4775,60,Employed,1
61,92909,713,28388,36,Self-Employed,1
22,124211,608,22029,12,Employed,0
47,75249,433,19445,36,Employed,0
47,68895,582,49474,48,Employed,0
34,114473,372,15645,24,Employed,0
65,25656,780,32105,24,Employed,0
64,144865,651,14668,60,Employed,1
40,94520,625,16960,24,Self-Employed,0
32,83740,742,12357,12,Employed,1
54,84309,399,38203,48,Employed,0
38,49984,358,16804,36,Self-Employed,0
31,138947,807,15626,48,Unemployed,1
19,93822,557,29132,24,Employed,0
28,25901,712,8951,36,Employed,0
68,51552,751,7449,60,Self-Employed,1
56,111245,364,20065,48,Employed,0
55,51055,453,36967,36,Employed,0
51,57685,565,40536,36,Employed,0
55,93965,378,10130,36,Self-Employed,0
67,34716,614,24824,12,Employed,0
51,134099,547,42401,48,Self-Employed,0
35,31138,713,37993,36,Employed,0
47,55298,324,32875,48,Unemployed,0
32,71112,583,7054,36,Employed,0
44,43429,748,35273,60,Employed,0
68,70200,600,42821,60,Self-Employed,0
51,91308,367,49517,60,Employed,0
69,68244,306,11832,24,Employed,0
55,137217,436,30670,36,Employed,0
50,134055,463,23852,24,Employed,0
41,121268,382,24620,48,Employed,0
32,125441,719,29307,24,Unemployed,1
47,37347,372,48551,48,Employed,0
59,36920,536,2551,48,Employed,0
68,51822,345,48922,48,Employed,0
34,66659,561,28812,24,Unemployed,0
22,60108,475,14799,36,Unemployed,0
46,148955,465,27312,24,Employed,0
21,109099,669,40620,36,Employed,0
27,27967,353,2449,36,Self-Employed,0
34,130719,718,25426,48,Employed,1
27,31871,806,36427,24,Self-Employed,0
34,114299,640,41277,36,Self-Employed,0
37,97452,426,32551,60,Unemployed,0
41,94270,708,25277,36,Employed,1
22,53613,666,36489,60,Self-Employed,0
51,48179,570,46212,24,Unemployed,0
23,140465,678,10637,24,Employed,1
19,72188,372,44258,24,Employed,0
30,75099,547,36693,36,Employed,0
60,55262,342,10824,12,Employed,0
60,98213,676,27950,36,Employed,1
65,137407,340,24488,36,Employed,0
28,38268,469,40008,48,Employed,0
68,97866,511,1215,48,Employed,0
64,106269,792,41067,36,Employed,0
40,80545,338,12523,60,Unemployed,0
33,123483,668,11364,48,Self-Employed,1
48,112822,450,4153,36,Employed,0
28,92146,410,24834,12,Employed,0
33,91966,779,35474,60,Employed,0
25,59922,735,44066,24,Unemployed,0
21,99364,346,35335,36,Unemployed,0
57,62913,665,11400,36,Self-Employed,1
21,117033,368,11345,60,Employed,0
42,124792,598,34896,48,Self-Employed,0
20,139425,595,20894,48,Employed,0
49,75677,502,29899,48,Unemployed,0
20,122154,360,41635,24,Employed,0
44,69841,613,29229,60,Self-Employed,0
46,66332,460,6583,60,Employed,0
49,112062,630,5897,48,Unemployed,0
67,139863,827,7001,48,Self-Employed,1
68,115694,637,44881,12,Employed,0
36,45032,603,5567,12,Employed,0
38,57846,802,10271,36,Self-Employed,1
22,79474,637,48116,36,Employed,0
35,64936,849,12703,60,Employed,1
45,49794,574,14329,60,Employed,0
59,81588,463,36509,24,Employed,0
39,90984,742,7256,24,Employed,1
38,70331,618,1228,12,Employed,0
23,114397,803,25746,36,Employed,1
18,48141,686,17678,12,Employed,0
22,29074,793,38052,12,Self-Employed,0
58,26406,789,47032,36,Self-Employed,0
29,117359,372,47158,24,Unemployed,0
43,143279,808,24185,36,Employed,1
63,43291,689,34686,48,Self-Employed,0
51,61568,594,12445,48,Employed,0
66,117539,668,34266,48,Employed,0
31,66851,848,3809,60,Self-Employed,1
43,119942,486,38729,24,Unemployed,0
62,74823,744,42785,24,Unemployed,0
44,43312,662,37547,60,Unemployed,0
26,63108,422,43818,12,Employed,0
43,86918,487,35886,48,Employed,0
64,54171,719,7391,48,Unemployed,1
39,61779,551,1145,12,Employed,0
64,88828,848,14929,36,Employed,1
47,127315,634,25326,36,Unemployed,0
60,118723,391,30991,24,Unemployed,0
65,32411,829,48685,60,Employed,0
34,122821,362,38333,24,Unemployed,0
43,137990,811,17576,36,Self-Employed,1
53,77009,438,40405,12,Unemployed,0
18,35422,484,29464,24,Employed,0
25,62468,504,9243,48,Employed,0
66,52371,513,32601,48,Employed,0
52,77022,555,3410,12,Employed,0
69,91229,434,2820,36,Employed,0
32,119071,387,36289,48,Employed,0
64,71196,506,39650,48,Employed,0
39,100354,428,35635,60,Self-Employed,0
31,116774,302,8465,24,Employed,0
43,116410,420,33439,36,Unemployed,0
45,46715,684,28314,24,Unemployed,0
40,47605,337,45229,36,Employed,0
31,119853,640,20583,48,Self-Employed,0
41,51174,320,28155,60,Employed,0
19,29956,541,39871,24,Employed,0
62,124444,754,13197,48,Unemployed,1
43,96373,602,30511,36,Employed,0
31,89252,368,16424,24,Unemployed,0
68,81949,428,49821,24,Employed,0
24,82646,495,1240,48,Self-Employed,0
20,90017,439,5631,24,Employed,0
64,83037,743,10599,60,Unemployed,1
40,109818,582,45462,60,Employed,0
63,26548,611,25658,48,Unemployed,0
60,136981,834,38845,36,Unemployed,0
64,123141,576,33574,48,Employed,0
62,93294,360,37536,60,Unemployed,0
35,129204,618,42910,12,Employed,0
55,43177,351,8995,12,Self-Employed,0
52,44022,452,26186,24,Employed,0
68,126297,610,30245,24,Self-Employed,0
32,140695,843,23813,12,Self-Employed,1
42,25542,688,14276,60,Employed,0
54,111012,847,20989,24,Employed,1
45,116320,476,13746,48,Employed,0
27,80428,661,45243,48,Self-Employed,0
56,42740,613,19557,60,Employed,0
34,79353,396,29060,24,Employed,0
56,110353,512,7568,48,Self-Employed,0
39,133132,436,36369,24,Employed,0
43,76532,305,20041,24,Unemployed,0
61,36052,408,7080,48,Employed,0
42,120689,846,14854,12,Employed,1
34,67076,338,3159,48,Unemployed,0
30,73420,724,28025,60,Employed,1
37,20671,560,42081,36,Employed,0
42,20163,725,5368,48,Self-Employed,0
21,61424,386,35085,24,Employed,0
27,129538,764,28094,24,Self-Employed,1
20,73744,375,47040,48,Self-Employed,0
58,90331,770,2230,36,Employed,1
62,30634,713,18517,48,Employed,0
35,24798,756,24991,36,Unemployed,0
64,42420,584,2301,36,Employed,0
53,137043,538,29610,60,Employed,0
64,140575,671,16927,24,Unemployed,1
39,147158,794,35678,24,Employed,0
51,49300,344,25466,36,Self-Employed,0
64,109881,700,15904,24,Employed,1
25,30749,546,41875,12,Employed,0
57,124131,749,27081,36,Employed,1
66,45121,784,25354,24,Self-Employed,0
61,148563,317,28761,12,Unemployed,0
36,57487,588,19300,60,Self-Employed,0
59,113947,713,30491,24,Employed,0
58,53361,534,36525,12,Employed,0
54,41223,715,27532,48,Employed,0
23,92930,798,7464,48,Employed,1
69,34056,414,17562,12,Employed,0
43,48380,533,42856,36,Unemployed,0
51,46035,839,48892,36,Employed,0
62,50620,310,48028,24,Self-Employed,0
23,39877,505,43511,48,Employed,0
54,145481,546,9683,36,Self-Employed,0
50,75316,426,33634,36,Employed,0
39,84041,446,1060,48,Employed,0
38,128940,417,10269,60,Employed,0
23,137360,681,24065,36,Employed,1
23,73352,711,3895,12,Employed,1
65,50911,662,16323,24,Employed,1
21,52784,808,13352,36,Employed,1
47,23191,436,45643,36,Unemployed,0
28,53160,474,39591,60,Unemployed,0
47,110536,588,31890,12,Self-Employed,0
48,124576,780,33016,24,Employed,0
41,84641,318,12962,36,Unemployed,0
26,69723,494,34302,24,Employed,0
20,23631,629,20846,48,Employed,0
68,26172,474,5011,36,Employed,0
48,62080,748,20782,36,Employed,1
57,109097,653,3155,48,Employed,1
54,110353,798,40725,60,Employed,0
53,40281,440,10196,36,Employed,0
41,48671,392,44459,24,Unemployed,0
48,142811,538,22709,12,Unemployed,0
23,71431,504,14327,24,Self-Employed,0
19,110900,732,36474,60,Unemployed,0
37,142139,544,33769,12,Employed,0
45,127210,616,42993,24,Self-Employed,0
28,147734,594,25700,24,Self-Employed,0
21,112961,581,15820,48,Employed,0
32,135463,316,11891,60,Employed,0
23,48602,370,35629,48,Self-Employed,0
66,108789,568,6269,12,Employed,0
47,71399,624,44880,48,Self-Employed,0
55,43472,604,49467,60,Employed,0
68,69230,750,9320,36,Employed,1
19,93616,306,11740,36,Employed,0
32,27099,613,36897,12,Employed,0
28,138614,402,31930,36,Self-Employed,0
25,45431,492,18285,48,Self-Employed,0
43,76492,828,15380,12,Employed,1
68,116722,470,12360,60,Employed,0
62,67684,836,6398,12,Self-Employed,1
61,50111,550,6529,12,Unemployed,0
22,125387,686,30062,24,Employed,0
23,83936,506,37686,24,Employed,0
43,42614,840,18451,12,Unemployed,0
21,112260,715,7937,36,Unemployed,1
36,61991,679,40886,24,Employed,0
37,90476,443,11860,60,Employed,0
50,137959,324,26142,48,Self-Employed,0
37,80920,372,26279,24,Unemployed,0
66,114294,392,39106,12,Employed,0
29,83530,804,46240,36,Employed,0
64,56224,635,36908,48,Unemployed,0
18,27788,724,41764,24,Employed,0
43,48082,798,49257,36,Employed,0
31,143287,663,15201,36,Employed,1
55,109570,498,41544,36,Employed,0
54,121015,712,38711,12,Unemployed,0
28,96816,638,46654,60,Employed,0
53,103588,728,9997,36,Unemployed,1
30,36531,438,41566,48,Employed,0
60,108340,841,21175,24,Employed,1
20,114439,356,41860,48,Employed,0
50,64857,531,4225,12,Self-Employed,0
23,30142,734,45578,12,Self-Employed,0
67,135053,683,48682,48,Employed,0
27,68355,493,36228,60,Unemployed,0
22,29866,833,42505,12,Unemployed,0
40,90067,817,47688,12,Self-Employed,0
27,130990,484,24110,48,Employed,0
61,123634,591,11754,12,Unemployed,0
19,123814,634,27655,60,Employed,0
30,145426,415,44601,60,Employed,0
57,84027,348,4114,60,Self-Employed,0
19,77906,381,27502,24,Employed,0
37,48138,632,49128,60,Employed,0
18,112601,634,21028,60,Employed,0
54,49956,831,18587,24,Unemployed,0
26,127268,520,43719,36,Unemployed,0
34,124797,622,36333,12,Employed,0
26,144917,302,4174,60,Self-Employed,0
28,146303,505,36398,12,Employed,0
32,96295,339,36929,48,Employed,0
41,25439,358,5321,12,Self-Employed,0
55,67241,806,31435,24,Employed,0
52,62533,421,46972,12,Employed,0
47,48270,778,8099,12,Employed,0
48,98815,395,24760,12,Self-Employed,0
66,59279,713,12360,36,Employed,1
22,129787,534,11313,36,Self-Employed,0
61,43888,361,47270,48,Unemployed,0
67,37630,555,21462,24,Employed,0
31,81063,647,6801,12,Unemployed,0
28,138527,423,15130,12,Employed,0
26,143239,781,15271,12,Employed,1
51,147896,616,17075,12,Unemployed,0
29,55144,803,37919,36,Self-Employed,0
52,72161,347,42679,48,Employed,0
52,116718,708,19984,60,Employed,1
18,145873,435,23559,24,Employed,0
57,111074,500,13861,12,Employed,0
39,97360,549,34434,48,Employed,0
46,70979,613,17667,60,Employed,0
25,117661,667,6840,48,Unemployed,1
28,26979,728,4565,36,Employed,0
58,46189,779,44194,60,Employed,0
54,62600,613,21977,48,Self-Employed,0
31,79560,799,22118,36,Self-Employed,1
47,98040,654,23641,48,Employed,1
52,143257,784,8366,48,Employed,1
38,81558,510,27636,60,Unemployed,0
54,106205,343,16630,36,Employed,0
22,26910,840,21056,12,Employed,0
36,77713,391,8382,24,Unemployed,0
31,66857,564,17149,60,Employed,0
43,54964,519,49639,36,Employed,0
21,105667,741,47041,48,Employed,0
42,45227,700,1992,36,Employed,0
62,25978,699,7858,24,Employed,0
59,107527,789,3121,24,Self-Employed,1
42,37153,784,28160,12,Employed,0
35,79765,769,46156,12,Employed,0
57,119084,744,21906,24,Employed,1
25,128212,568,20572,60,Self-Employed,0
56,59071,566,5136,60,Employed,0
57,132990,353,17727,48,Employed,0
31,89519,827,33167,12,Self-Employed,0
49,29503,819,46421,48,Employed,0
68,80703,358,16479,12,Employed,0
55,84379,339,32376,24,Employed,0
50,115457,536,5823,60,Employed,0
40,77866,685,5920,60,Employed,1
32,36905,599,20585,24,Unemployed,0
50,65838,694,39239,48,Employed,0
42,145200,506,18272,48,Employed,0
34,78279,635,27619,36,Employed,0
50,109489,813,10533,12,Employed,1
64,46806,477,40895,48,Employed,0
19,65000,695,4720,24,Self-Employed,1
31,42168,670,20267,48,Employed,0
57,90119,617,16696,60,Unemployed,0
57,58714,668,30968,12,Employed,0
68,74093,683,24345,36,Employed,1
56,75419,361,26693,12,Employed,0
68,69145,804,20385,60,Employed,1
23,125432,538,19122,60,Employed,0
23,97425,494,2364,60,Employed,0
20,112949,521,3708,60,Unemployed,0
24,97811,360,13982,24,Employed,0
68,22461,428,18308,36,Employed,0
25,34291,455,33919,60,Employed,0
59,66804,677,26161,60,Employed,1
69,96971,736,36089,48,Employed,0
32,113471,506,14865,36,Employed,0
64,84946,687,1495,12,Employed,1
46,118989,779,45755,36,Unemployed,0
50,104080,639,3148,36,Self-Employed,0
69,141719,639,34324,36,Employed,0
47,81332,503,14393,60,Employed,0
56,97794,460,2552,60,Self-Employed,0
44,50841,839,36853,24,Employed,0
53,144447,691,33924,12,Employed,0
46,140029,833,9926,48,Employed,1
55,68758,369,31851,36,Employed,0
50,134726,704,24889,12,Employed,1
54,96272,816,40930,12,Employed,0
44,57643,419,9055,24,Employed,0
50,70408,516,5654,48,Employed,0
21,63950,355,23634,36,Unemployed,0
39,76849,665,33363,48,Employed,0
19,120500,803,12468,24,Employed,1
27,48044,754,33922,60,Employed,0
22,125469,403,41718,12,Unemployed,0
27,145588,376,49091,36,Unemployed,0
50,35997,529,18380,60,Unemployed,0
55,99751,557,27870,24,Employed,0
30,118605,563,38394,48,Unemployed,0
48,43911,630,15259,12,Unemployed,0
64,75533,481,15873,36,Employed,0
53,102566,849,14016,60,Employed,1
62,114870,326,43137,60,Employed,0
41,34571,575,1153,12,Unemployed,0
69,128255,598,8853,48,Employed,0
32,149226,390,13379,24,Employed,0
46,114463,779,16792,48,Self-Employed,1
25,77941,757,39367,48,Unemployed,0
22,78005,750,19100,48,Self-Employed,1
46,106250,664,48553,12,Self-Employed,0
64,78712,650,12049,12,Employed,0
21,63541,699,1786,24,Unemployed,1
29,43387,552,5368,48,Employed,0
62,113980,758,31699,12,Self-Employed,0
19,68908,798,48691,24,Employed,0
44,105457,807,38040,24,Self-Employed,0
48,33057,603,28454,48,Unemployed,0
68,84028,800,39762,36,Unemployed,0
68,130804,465,24600,48,Employed,0
53,139246,714,30238,36,Employed,0
53,75731,761,26241,24,Unemployed,1
43,44858,413,20810,12,Employed,0
60,68689,732,21167,60,Self-Employed,1
44,64638,655,22811,24,Employed,1
22,111598,506,40779,12,Unemployed,0
37,122386,534,21085,24,Employed,0
28,66486,741,47854,48,Unemployed,0
27,40567,654,10261,36,Unemployed,0
57,49739,814,19733,24,Employed,0
55,77804,507,40779,12,Employed,0
23,128821,424,30079,48,Employed,0
25,23754,437,34980,60,Employed,0
40,47044,638,15141,48,Employed,0
64,87260,836,10344,36,Unemployed,1
43,86912,367,40472,48,Employed,0
63,145623,840,16896,60,Employed,1
60,28706,682,24817,12,Employed,0
29,28894,318,30813,24,Employed,0
43,38037,749,19895,36,Employed,0
30,103986,373,1143,60,Self-Employed,0
57,101942,575,11681,36,Self-Employed,0
35,71612,347,8367,48,Employed,0
42,49725,510,4228,36,Employed,0
50,25926,839,5582,60,Self-Employed,0
64,124555,490,14147,24,Employed,0
57,29496,614,12397,24,Employed,0
60,76447,412,39799,36,Employed,0
29,121604,469,38011,12,Employed,0
61,49806,767,14647,36,Self-Employed,0
53,108199,313,28718,48,Unemployed,0
65,61321,587,45264,24,Employed,0
21,142041,488,43317,24,Employed,0
22,122031,454,48914,24,Unemployed,0
54,85095,770,20097,12,Self-Employed,1
25,42656,374,37953,12,Unemployed,0
59,75147,576,46254,60,Unemployed,0
66,111396,642,41096,36,Employed,0
45,69666,724,18107,36,Self-Employed,1
48,102368,810,4010,48,Unemployed,1
26,58787,481,6555,24,Employed,0
68,133767,757,1067,12,Unemployed,1
46,82946,363,29412,48,Employed,0
31,41727,559,45953,48,Employed,0
57,128351,492,35305,12,Employed,0
58,115081,705,12549,36,Employed,1
39,142721,392,6680,24,Employed,0
28,130058,729,26739,36,Employed,1
40,88056,733,22209,48,Employed,1
18,23081,703,42515,24,Employed,0
63,54196,733,23432,60,Employed,1
54,56735,411,16116,48,Employed,0
38,124749,674,21045,36,Unemployed,1
43,100102,358,27327,36,Employed,0
63,99578,342,36709,36,Employed,0
53,45498,506,44617,12,Self-Employed,0
40,96865,595,27905,48,Unemployed,0
18,51656,417,8067,24,Self-Employed,0
68,87695,831,33559,36,Employed,0
57,57900,521,43919,36,Employed,0
32,148392,465,18985,12,Unemployed,0
38,137235,455,28369,24,Employed,0
64,104899,483,18864,48,Employed,0
26,67701,389,23614,60,Employed,0
26,128777,393,48894,12,Self-Employed,0
27,39033,312,16613,48,Employed,0
69,143193,737,7447,60,Self-Employed,1
43,30805,837,6499,36,Self-Employed,0
58,55851,449,40041,36,Employed,0
52,46832,307,32315,24,Unemployed,0
69,83437,328,2299,60,Unemployed,0
42,135725,595,40469,36,Self-Employed,0
43,33944,639,5994,36,Employed,0
28,39873,738,30878,24,Unemployed,0
55,60372,443,16627,48,Employed,0
19,109464,818,8489,36,Self-Employed,1
24,35379,344,27111,12,Employed,0
35,137322,538,33355,12,Employed,0
44,56751,454,9269,48,Unemployed,0
51,120082,480,3831,60,Self-Employed,0
44,109822,514,45370,24,Employed,0
34,25110,387,12819,12,Employed,0
60,74341,555,25813,12,Employed,0
61,32087,810,22637,48,Self-Employed,0
68,43762,372,2996,60,Unemployed,0
41,135812,478,45387,60,Self-Employed,0
42,102617,511,4089,48,Employed,0
24,120483,533,34291,12,Employed,0
69,29596,764,21659,24,Unemployed,0
23,123555,522,46178,12,Self-Employed,0
41,127539,563,31429,60,Employed,0
50,38313,506,16732,12,Self-Employed,0
66,133175,665,20506,24,Employed,1
46,86549,575,41935,36,Employed,0
60,134914,679,6190,12,Employed,1
39,43705,608,5575,48,Employed,0
43,87364,567,41495,36,Employed,0
45,93445,363,49146,48,Employed,0
67,123892,649,35565,48,Employed,0
38,98645,793,35899,48,Self-Employed,0
66,22023,822,24706,12,Employed,0
24,139654,397,48668,60,Employed,0
34,79796,370,23884,36,Employed,0
37,100073,663,18199,24,Employed,1
58,112197,575,45100,60,Unemployed,0
66,84429,349,40434,12,Employed,0
37,124195,657,13479,48,Unemployed,1
39,81627,784,35178,24,Unemployed,0
45,53848,383,13665,36,Employed,0
57,57804,595,1534,60,Employed,0
66,35379,535,27292,60,Employed,0
24,79664,355,37132,24,Employed,0
18,47766,659,37110,12,Unemployed,0
49,129126,409,23469,36,Employed,0
30,88099,491,47233,24,Employed,0
47,56060,392,38268,48,Employed,0
40,114733,359,2172,36,Employed,0
68,89122,338,28914,60,Employed,0
36,36087,839,21901,24,Employed,0
49,68868,348,41775,60,Employed,0
47,139119,719,35409,60,Employed,0
46,43225,312,20324,60,Unemployed,0
66,115286,335,9738,12,Self-Employed,0
62,26643,400,38494,60,Employed,0
46,113059,385,45557,48,Employed,0
47,56727,815,25054,48,Self-Employed,1
33,31005,522,30709,36,Employed,0
57,129079,637,44785,60,Employed,0
36,85697,465,21107,60,Employed,0
35,36029,682,1363,24,Unemployed,0
18,135281,675,11358,12,Employed,1
31,34226,770,37077,36,Self-Employed,0
68,83646,330,4240,60,Unemployed,0
64,80603,674,7665,24,Unemployed,1
67,48731,310,46689,12,Unemployed,0
19,129458,601,2936,36,Employed,0
45,130384,395,47736,36,Employed,0
66,88926,489,26538,60,Self-Employed,0
67,25997,752,44965,36,Self-Employed,0
47,75506,491,12998,24,Employed,0
55,98229,785,1882,36,Self-Employed,1
68,69815,565,21224,48,Employed,0
21,62092,723,40691,24,Employed,0
18,82539,427,47476,12,Employed,0
25,86077,537,31825,12,Employed,0
46,41817,654,6204,60,Employed,0
56,57861,411,29885,60,Employed,0
20,33428,745,41056,48,Employed,0
49,63934,642,4203,12,Employed,0
27,135555,444,3244,12,Employed,0
27,134367,364,33786,12,Self-Employed,0
36,30258,546,4083,12,Employed,0
63,77775,789,22584,36,Employed,1
51,101580,738,9521,24,Employed,1
50,114947,405,34541,24,Employed,0
40,25469,480,30063,48,Unemployed,0
45,48854,483,5732,36,Employed,0
49,26256,525,28518,12,Unemployed,0
67,144086,388,40563,12,Employed,0
24,96256,829,40752,60,Employed,0
46,53937,670,30697,60,Employed,0
25,119134,698,3567,48,Employed,1
18,21651,405,17121,12,Employed,0
20,70288,570,2674,48,Employed,0
41,104730,802,11875,36,Employed,1
40,45051,824,45340,24,Employed,0
25,47386,331,1739,12,Self-Employed,0
64,95054,692,2545,36,Employed,1
54,131562,339,30140,12,Employed,0
20,36184,517,10327,60,Employed,0
68,53787,381,6127,48,Employed,0
50,41621,500,24331,60,Employed,0
45,95564,746,24004,24,Self-Employed,1
64,97984,727,42833,60,Self-Employed,0
25,79792,337,11492,12,Employed,0
51,65253,510,14749,60,Employed,0
52,54051,743,24508,12,Employed,1
49,69811,626,10045,24,Unemployed,0
41,50447,526,21116,60,Employed,0
31,148046,347,19667,48,Employed,0
49,103930,317,10521,48,Employed,0
63,143278,738,9669,48,Unemployed,1
60,120037,486,28302,60,Employed,0
33,50254,644,12283,60,Employed,0
21,104045,523,31935,60,Unemployed,0
69,136859,787,7998,12,Employed,1
54,77418,528,29806,24,Self-Employed,0
38,134534,689,32624,48,Employed,0
31,34472,487,14440,12,Unemployed,0
48,131193,569,46465,48,Unemployed,0
65,23471,609,47501,12,Employed,0
35,127332,431,22797,60,Unemployed,0
24,140312,371,2269,48,Employed,0
27,143379,486,8868,60,Self-Employed,0
24,115804,785,31251,48,Employed,0
50,28329,490,13373,36,Unemployed,0
40,54865,721,19987,12,Employed,1
38,66850,419,39729,36,Self-Employed,0
36,74220,519,16734,12,Employed,0
65,132234,352,43429,24,Self-Employed,0
36,113808,750,42337,48,Self-Employed,0
53,128381,711,41325,24,Employed,0
46,26397,536,19064,24,Self-Employed,0
35,117909,705,9433,12,Self-Employed,1
19,149004,721,49421,36,Employed,0
18,55525,546,10111,60,Employed,0
64,73072,371,39450,12,Employed,0
22,110106,484,49247,60,Employed,0
37,103820,305,16047,24,Employed,0
28,104530,505,9084,60,Employed,0
59,43284,843,22751,36,Employed,0
19,81330,686,17453,12,Employed,1
20,103369,375,21308,36,Employed,0
40,45122,476,39968,36,Self-Employed,0
29,90553,648,31077,12,Unemployed,0
37,101906,554,44046,36,Employed,0
22,114788,607,35775,48,Unemployed,0
54,82812,644,49570,48,Unemployed,0
55,27999,426,47097,48,Self-Employed,0
47,42436,586,25503,60,Employed,0
26,62963,786,3779,36,Employed,1
51,22096,682,22304,12,Self-Employed,0
61,149940,705,1755,12,Self-Employed,1
52,133737,687,40263,60,Unemployed,0
69,45279,824,43955,12,Unemployed,0
39,141092,575,43281,48,Employed,0
61,128899,799,18400,36,Employed,1
41,134245,636,41115,12,Employed,0
34,46201,780,15249,12,Employed,0
27,39715,572,48647,24,Self-Employed,0
47,49309,357,47825,24,Employed,0
63,35078,627,45825,24,Employed,0
40,76614,408,25600,36,Self-Employed,0
49,25105,578,38706,48,Employed,0
34,137666,627,20222,48,Self-Employed,0
67,114848,614,34505,48,Self-Employed,0
68,22839,773,39968,36,Employed,0
34,88920,410,42139,36,Employed,0
31,63619,528,42302,24,Employed,0
26,62821,796,30148,12,Employed,0
57,145736,455,23302,60,Employed,0
19,33493,772,3623,60,Employed,0
62,37069,571,9646,12,Self-Employed,0
42,132443,301,14543,24,Employed,0
56,27531,810,29960,12,Unemployed,0
26,57051,585,23785,12,Employed,0
39,27736,312,13817,60,Employed,0
60,27710,797,32406,24,Self-Employed,0
63,87155,537,24456,36,Employed,0
21,33975,393,24777,60,Employed,0
43,82424,637,21914,36,Unemployed,0
46,65603,470,30553,24,Unemployed,0
62,43252,766,24548,12,Unemployed,0
51,100797,442,38265,48,Employed,0
40,21431,500,41701,48,Employed,0
54,94603,479,7727,24,Self-Employed,0
28,57481,663,45924,48,Self-Employed,0
23,112573,778,33427,36,Employed,0
35,29557,770,17692,48,Self-Employed,0
38,94971,683,32625,24,Employed,0
59,123302,716,25918,24,Employed,1
53,20162,607,42395,36,Employed,0
58,54742,666,42136,48,Employed,0
55,39675,300,16577,48,Employed,0
51,93997,343,20619,12,Employed,0
34,37015,397,47240,60,Employed,0
54,70057,564,34710,24,Unemployed,0
42,52591,439,38388,12,Unemployed,0
55,113583,780,17195,24,Unemployed,1
29,146133,536,28689,12,Self-Employed,0
40,120318,371,12154,60,Employed,0
59,29833,489,40121,12,Employed,0
39,27896,567,30412,24,Unemployed,0
38,52972,620,22341,48,Employed,0
44,69733,406,33018,24,Employed,0
48,140363,531,10145,36,Employed,0
23,61800,341,43262,36,Self-Employed,0
44,116044,438,47330,36,Employed,0
57,25347,572,23223,36,Self-Employed,0
51,79063,780,3880,60,Employed,1
29,115850,715,22271,48,Unemployed,1
62,22643,805,34313,48,Self-Employed,0
24,60785,723,47900,24,Unemployed,0
27,38681,706,14304,12,Employed,0
62,70026,689,35695,24,Employed,0
34,123864,641,31225,24,Self-Employed,0
43,35892,792,21536,24,Employed,0
38,67299,491,31831,24,Employed,0
45,37073,798,12673,48,Employed,0
63,122304,532,22917,12,Self-Employed,0
19,50682,526,28829,24,Employed,0
60,117798,670,16372,48,Unemployed,1
18,146021,438,26938,24,Employed,0
68,116894,448,3663,36,Employed,0
53,144302,414,48801,24,Unemployed,0
68,34289,749,10465,24,Employed,0
43,135359,362,4326,60,Employed,0
46,27927,403,4659,36,Unemployed,0
38,68330,572,28594,12,Self-Employed,0
28,86707,305,5763,24,Employed,0
57,140279,446,24121,12,Self-Employed,0
28,97454,483,11828,36,Unemployed,0
53,127439,327,48588,24,Self-Employed,0
66,124646,849,12221,60,Employed,1
56,85428,418,12211,48,Employed,0
57,70601,592,14569,60,Self-Employed,0
52,97465,670,32358,60,Self-Employed,0
51,22539,543,38860,48,Employed,0
64,122263,517,7022,48,Employed,0
41,131487,476,46337,48,Employed,0
39,42669,598,14515,24,Employed,0
22,90968,357,7159,12,Employed,0
50,40644,568,46991,12,Employed,0
53,38745,607,42213,48,Self-Employed,0
64,140852,587,22691,60,Employed,0
37,148081,404,25904,36,Unemployed,0
36,48228,527,44790,48,Employed,0
52,138358,546,4044,60,Employed,0
69,54521,793,10612,60,Employed,1
60,142788,382,6636,24,Employed,0
34,117239,485,12593,24,Unemployed,0
62,46928,551,49947,12,Self-Employed,0
60,38322,654,3892,12,Employed,0
51,77714,509,22672,36,Employed,0
26,107896,746,6812,36,Employed,1
43,82292,759,32085,36,Self-Employed,0
19,49055,771,1654,36,Unemployed,0
26,62891,669,18143,60,Employed,1
26,101912,791,2798,60,Unemployed,1
57,26588,436,38927,12,Self-Employed,0
34,110536,666,30087,24,Employed,0
18,26304,483,12618,24,Employed,0
42,27345,586,9446,48,Self-Employed,0
60,49300,771,22646,60,Unemployed,0
57,44259,674,37591,36,Employed,0
59,111006,836,49867,36,Employed,0
42,108553,810,28200,48,Employed,1
56,35352,549,30571,24,Employed,0
52,149350,809,23538,36,Unemployed,1
20,53365,372,41555,24,Employed,0
67,39446,581,44964,48,Unemployed,0
54,22336,659,21900,24,Self-Employed,0
61,82032,309,23356,24,Employed,0
61,95415,510,24023,24,Employed,0
68,117852,451,40148,36,Employed,0
47,118876,304,18392,12,Unemployed,0
55,27521,494,21698,60,Employed,0
51,91707,582,43470,24,Unemployed,0
29,43481,763,27535,24,Self-Employed,0
36,38474,412,36450,24,Employed,0
54,66760,570,34757,12,Self-Employed,0
61,75718,462,13476,48,Self-Employed,0
66,64629,759,42214,36,Employed,0
34,65232,404,5711,12,Employed,0
27,106544,581,7479,24,Self-Employed,0
66,87169,461,32390,12,Self-Employed,0
64,147941,650,14161,12,Employed,0
29,70669,733,33152,12,Employed,0
33,98021,439,15635,48,Employed,0
41,129153,770,41843,60,Self-Employed,0
36,89184,431,31297,36,Employed,0
25,67945,386,21836,48,Employed,0
48,33140,482,25831,48,Self-Employed,0
38,146468,667,2007,60,Employed,1
34,103457,428,27331,48,Unemployed,0
40,34357,545,41456,12,Employed,0
54,131672,677,11763,12,Self-Employed,1
33,88673,448,4908,24,Employed,0
23,141673,732,28573,48,Unemployed,1
25,85633,768,20187,24,Unemployed,1
42,96943,745,12957,36,Employed,1
35,116111,780,5379,12,Employed,1
42,98258,593,28959,36,Employed,0
29,32924,442,17482,60,Employed,0
32,89286,549,28105,12,Self-Employed,0
43,113269,601,1877,36,Self-Employed,0
58,147563,324,49353,60,Employed,0
62,94071,369,19252,36,Unemployed,0
43,77326,411,32334,60,Unemployed,0
64,110023,663,20049,60,Self-Employed,1
49,140101,602,18772,12,Employed,0
27,50651,770,3637,24,Employed,1
33,90202,390,8242,60,Employed,0
24,68777,829,43025,60,Employed,0
34,36994,491,42381,12,Employed,0
40,87263,541,36651,24,Employed,0
43,79634,437,34972,48,Employed,0
38,120158,644,17928,48,Unemployed,0
39,30800,479,29742,24,Employed,0
24,57823,802,12831,36,Employed,1
31,128575,502,49232,12,Employed,0
32,83878,491,20556,24,Employed,0
24,38708,304,26343,48,Employed,0
26,32819,536,23834,60,Employed,0
68,94905,610,47762,48,Employed,0
65,83870,848,40288,60,Employed,0
25,29283,355,34422,12,Employed,0
67,50573,742,24205,60,Employed,1
40,98707,536,19830,24,Self-Employed,0
46,50933,496,9412,60,Employed,0
35,25774,813,4666,36,Employed,0
48,92055,748,38045,24,Employed,0
47,30983,659,21786,12,Employed,0
69,116468,329,6515,24,Employed,0
56,116334,407,42973,36,Employed,0
52,38133,744,27627,12,Unemployed,0
35,145555,737,16198,48,Employed,1
59,34939,756,4985,36,Employed,0
56,20781,794,46903,12,Self-Employed,0
34,134586,546,41935,60,Self-Employed,0
31,76700,842,30475,24,Employed,0
48,47624,738,41216,12,Employed,0
41,26823,577,20403,24,Employed,0
52,38489,410,4681,60,Employed,0
61,138555,684,27019,12,Employed,1
62,59961,490,28586,48,Employed,0
51,139664,789,43292,36,Unemployed,0
20,49118,725,38521,12,Employed,0
54,120417,704,40850,60,Employed,0
60,101816,634,37770,12,Employed,0
57,42263,508,6629,24,Self-Employed,0
43,33565,321,28710,12,Employed,0
40,40354,507,31328,48,Unemployed,0
61,62951,307,13278,12,Employed,0
56,111179,828,9417,36,Employed,1
32,43648,465,35765,12,Employed,0
66,70729,795,9963,24,Employed,1
21,61971,728,49552,12,Employed,0
46,38658,462,38292,48,Employed,0
39,41253,665,26009,60,Employed,0
42,84166,825,28675,12,Unemployed,1
30,68563,538,37175,12,Employed,0
35,46390,371,7731,36,Employed,0
50,108664,744,41563,48,Employed,0
33,71578,808,12332,60,Unemployed,1
62,99025,568,20177,24,Self-Employed,0
59,123850,714,24718,12,Employed,1
61,52658,544,3911,60,Employed,0
19,26852,359,19799,24,Employed,0
52,147282,305,16194,48,Self-Employed,0
59,114986,706,5951,48,Self-Employed,1
51,22551,516,41866,60,Employed,0
47,91947,325,29333,24,Employed,0
30,81001,304,22673,48,Employed,0
30,69159,831,49885,60,Employed,0
35,142775,689,41870,48,Unemployed,0
49,71707,747,6565,48,Employed,1
49,53243,445,23821,48,Employed,0
52,41800,687,26494,36,Unemployed,0
56,95939,548,34941,24,Self-Employed,0
63,77828,825,9624,60,Employed,1
69,27239,761,48162,60,Unemployed,0
46,26710,312,47024,24,Employed,0
66,41384,683,1835,24,Self-Employed,0
46,41038,698,19646,24,Self-Employed,0
61,60846,318,12824,24,Employed,0
33,107983,790,38335,12,Unemployed,0
61,87821,718,4815,60,Self-Employed,1
64,57991,636,3429,12,Employed,0
27,99057,718,42950,48,Employed,0
47,133193,421,42886,48,Unemployed,0
42,26971,731,45398,60,Employed,0
56,49139,343,3607,48,Employed,0
37,105445,616,26650,24,Self-Employed,0
22,97067,680,39698,12,Unemployed,0
18,100257,444,33353,24,Employed,0
47,104742,626,37790,48,Employed,0
66,57711,662,12991,12,Employed,1
20,26530,349,22168,24,Employed,0
62,31116,364,32099,60,Employed,0
31,85794,654,40385,24,Unemployed,0
47,20282,463,36919,48,Employed,0
67,99473,440,32416,12,Employed,0
21,21898,427,6580,60,Employed,0
35,24135,697,8054,12,Self-Employed,0
54,26629,762,25090,60,Employed,0
42,129472,486,41387,12,Employed,0
65,145147,489,16823,48,Employed,0
18,105120,687,47015,60,Employed,0
63,139798,728,38341,36,Employed,0
32,109087,583,16339,12,Employed,0
26,85031,536,4491,12,Employed,0
32,53380,493,1706,24,Employed,0
66,149951,586,32957,60,Employed,0
41,132507,435,16728,36,Employed,0
21,37071,470,7997,48,Employed,0
29,40074,458,39001,24,Employed,0
54,110724,500,39523,36,Employed,0
54,87843,786,26163,60,Employed,1
60,59901,803,18718,36,Unemployed,1
23,31205,670,22972,12,Employed,0
56,75661,402,19231,12,Employed,0
63,144661,424,40619,24,Employed,0
41,25906,612,13126,60,Self-Employed,0
28,22591,757,24595,60,Self-Employed,0
30,145576,529,41633,36,Employed,0
51,82987,496,13118,24,Employed,0
42,83370,722,4317,60,Employed,1
24,100685,470,45980,12,Employed,0
69,130454,681,45115,36,Employed,0
21,125487,472,44158,48,Unemployed,0
25,74400,752,48631,12,Employed,0
37,45150,649,40828,24,Self-Employed,0
46,51852,793,16504,60,Employed,1
68,62870,303,4057,12,Self-Employed,0
62,139796,392,27660,48,Unemployed,0
63,72756,305,38196,48,Employed,0
27,135357,587,1402,24,Employed,0
60,139052,445,9605,12,Employed,0
51,76481,723,16761,36,Employed,1
43,21283,756,28043,12,Employed,0
58,53691,501,34635,48,Employed,0
66,21125,511,14779,24,Employed,0
20,87065,305,16155,24,Self-Employed,0
23,148734,675,41978,36,Employed,0
22,46170,746,34132,24,Self-Employed,0
22,28438,405,24851,24,Employed,0
64,40095,700,16366,24,Unemployed,0
40,36154,395,29408,24,Employed,0
66,28004,687,7571,24,Employed,0
26,29752,751,15017,48,Self-Employed,0
52,75426,715,40236,12,Employed,0
37,128896,803,5150,60,Unemployed,1
66,46819,753,46833,24,Employed,0
59,122168,590,20423,60,Employed,0
52,112051,833,5137,60,Employed,1
67,147905,492,30992,48,Unemployed,0
35,44217,449,46004,24,Employed,0
34,145949,814,29902,60,Unemployed,1
41,108708,692,45921,24,Self-Employed,0
20,52994,615,14833,36,Employed,0
49,35036,375,2381,36,Employed,0
52,97275,569,9154,36,Unemployed,0
55,117756,524,35235,60,Employed,0
30,69416,829,14439,36,Employed,1
64,29587,412,20122,48,Employed,0
42,130053,550,24956,48,Employed,0
26,115665,532,18264,60,Employed,0
21,20645,382,45774,24,Employed,0
31,50930,424,4149,12,Unemployed,0
54,101835,474,25660,24,Employed,0
51,142232,368,41660,24,Employed,0
28,50090,346,21528,24,Self-Employed,0
58,107489,555,49904,24,Unemployed,0
20,72142,329,2168,12,Self-Employed,0
45,131979,580,46124,36,Employed,0
46,46475,536,36897,24,Unemployed,0
26,38888,547,16032,48,Employed,0
20,63732,667,36294,60,Employed,0
42,101623,794,44827,60,Employed,0
51,66305,324,4516,48,Employed,0
29,66037,789,20751,24,Self-Employed,1
59,29346,793,31373,12,Employed,0
26,20587,613,31270,36,Unemployed,0
32,32763,674,11386,60,Unemployed,0
57,79165,324,37323,36,Employed,0
42,127481,633,49780,12,Employed,0
22,89615,654,15157,60,Employed,1
28,56116,415,38879,36,Employed,0
51,140987,347,40520,12,Employed,0
41,105751,398,40132,36,Self-Employed,0
32,111353,758,4626,24,Employed,1
55,110301,822,21400,12,Employed,1
25,115648,704,37643,36,Self-Employed,0
22,45556,513,39265,24,Employed,0
65,79042,802,16979,24,Unemployed,1
43,38099,747,12529,12,Employed,0
35,129089,557,17645,48,Employed,0
23,65096,420,27424,60,Employed,0
54,91986,353,14382,12,Employed,0
65,33230,630,5025,24,Employed,0
30,49009,540,44226,24,Unemployed,0
45,90969,829,14844,12,Employed,1
22,53866,782,5175,48,Self-Employed,1
30,125400,486,31519,60,Employed,0
34,104246,561,10174,36,Employed,0
67,96975,663,4443,12,Employed,1
57,61855,790,22395,60,Self-Employed,1
62,101557,730,11725,60,Employed,1
49,26416,538,34461,24,Employed,0
46,92516,603,42115,36,Self-Employed,0
68,75915,597,45548,12,Employed,0
20,38058,375,32351,24,Self-Employed,0
57,96637,632,19196,24,Employed,0
51,60718,773,47609,48,Unemployed,0
57,52602,582,15254,60,Self-Employed,0
44,94658,371,15021,12,Unemployed,0
30,98112,562,47136,12,Employed,0
62,78067,311,6724,12,Employed,0
50,47516,440,29690,24,Self-Employed,0
23,149295,316,2407,48,Employed,0
41,107969,362,9032,36,Employed,0
36,21089,552,48340,24,Unemployed,0
33,57346,764,18794,36,Employed,1
57,94663,675,20881,48,Employed,1
45,30487,819,21756,60,Employed,0
50,20155,389,41162,12,Employed,0
65,143950,474,30416,36,Employed,0
58,87494,375,45354,24,Unemployed,0
30,96229,699,26752,36,Employed,1
60,124648,370,13926,60,Self-Employed,0
62,58547,479,34765,12,Self-Employed,0
42,48795,423,15390,36,Unemployed,0
59,75296,680,39867,60,Employed,0
53,41447,592,22939,24,Unemployed,0
44,56598,494,28307,48,Employed,0
55,61814,527,31828,24,Employed,0
24,110751,730,29513,12,Unemployed,1
22,145118,735,25502,24,Employed,1
60,95330,760,31063,24,Self-Employed,0
62,141347,320,23486,24,Employed,0
68,118745,363,47277,24,Unemployed,0
48,107960,464,39258,12,Employed,0
40,83278,326,32692,60,Self-Employed,0
59,75077,610,39384,36,Employed,0
27,132782,584,16958,48,Employed,0
49,142046,580,36016,36,Employed,0
60,122932,463,18232,36,Employed,0
47,91906,523,11748,48,Employed,0
56,29528,445,11514,12,Employed,0
48,113812,329,23738,48,Employed,0
35,70100,344,9695,12,Employed,0
53,129869,770,9070,36,Employed,1
19,28179,333,28765,12,Self-Employed,0
31,68781,726,42662,60,Unemployed,0
30,75267,520,31761,48,Unemployed,0
46,102379,833,17698,60,Unemployed,1
29,43952,666,16123,36,Employed,0
56,73798,849,36144,48,Employed,0
19,118696,415,26616,36,Employed,0
49,130434,538,38146,60,Self-Employed,0
30,70939,634,12182,36,Self-Employed,0
63,49516,740,25833,48,Employed,0
44,76526,447,34342,48,Employed,0
66,30449,308,32331,36,Employed,0
58,70290,587,47098,48,Employed,0
34,146688,687,27128,48,Employed,1
57,106661,349,32556,36,Employed,0
48,92954,816,22969,60,Self-Employed,1
51,42746,577,22876,48,Employed,0
41,87990,599,9949,48,Self-Employed,0
62,78810,434,25518,48,Unemployed,0
52,138362,446,6670,48,Unemployed,0
65,103297,789,25099,36,Unemployed,1
23,35223,777,40335,60,Unemployed,0
36,92237,458,13716,60,Unemployed,0
47,22597,683,39885,12,Unemployed,0
24,85677,462,8837,48,Employed,0
27,22659,740,48299,48,Self-Employed,0
58,106516,488,20159,12,Unemployed,0
49,94567,714,42266,60,Unemployed,0
51,35037,638,37877,24,Self-Employed,0
45,146498,480,22560,24,Employed,0
32,66738,587,18106,60,Employed,0
47,123965,486,47289,48,Employed,0
54,91678,437,9720,24,Employed,0
46,32109,429,38661,36,Self-Employed,0
39,42010,493,29362,36,Employed,0
21,28787,615,29258,12,Employed,0
37,128400,443,22782,60,Employed,0
49,28472,315,42168,60,Employed,0
53,135111,601,22120,24,Unemployed,0
67,43383,722,20790,48,Self-Employed,0
21,81709,544,28912,60,Employed,0
44,89785,406,48374,24,Employed,0
34,133253,387,43907,24,Employed,0
29,54518,428,35812,60,Employed,0
39,73909,640,37160,24,Employed,0
34,38351,303,20156,12,Self-Employed,0
27,89624,626,11672,12,Employed,0
18,73330,709,15444,60,Employed,1
39,142477,605,7784,48,Employed,0
43,35282,524,18929,12,Unemployed,0
35,104866,647,2070,12,Unemployed,0
67,127945,620,23906,60,Unemployed,0
31,41778,480,35618,36,Employed,0
64,44264,685,46158,24,Self-Employed,0
46,79675,407,3939,12,Employed,0
29,25075,830,30841,36,Employed,0
53,95948,709,43863,48,Employed,0
52,68454,595,17301,36,Employed,0
69,48365,470,8194,60,Self-Employed,0
29,92766,630,6851,48,Self-Employed,0
24,68200,792,17378,48,Employed,1
46,31002,494,1678,36,Self-Employed,0
28,33947,311,31640,60,Unemployed,0
50,99222,494,34756,12,Self-Employed,0
23,114840,789,30777,36,Employed,0
64,136219,481,27183,12,Employed,0
32,98610,615,28445,36,Employed,0
49,72142,329,2502,12,Self-Employed,0
68,76307,395,22665,36,Employed,0
28,24493,680,17198,48,Employed,0
40,144023,743,22411,24,Employed,1
43,70085,597,16867,48,Employed,0
51,54228,660,15266,12,Unemployed,1
63,99676,673,40422,60,Self-Employed,0
51,71875,602,36208,48,Unemployed,0
46,51655,720,44002,24,Self-Employed,0
21,63472,545,32213,12,Employed,0
34,69437,536,8367,48,Employed,0
52,69416,833,14490,36,Employed,1
30,79711,484,36362,60,Employed,0
58,26816,767,39285,12,Employed,0
56,97175,662,10219,48,Unemployed,1
32,84307,582,7310,12,Employed,0
46,132728,635,37307,36,Unemployed,0
46,66733,461,30631,24,Employed,0
28,148202,459,15744,48,Employed,0
69,115028,773,20867,12,Employed,1
49,136450,621,19625,12,Employed,0
19,31240,311,7378,12,Employed,0
64,118234,723,20149,24,Employed,1
31,112493,372,43133,12,Employed,0
37,145149,500,12422,60,Employed,0
39,118344,821,28926,60,Employed,1
28,91363,804,38679,12,Unemployed,0
44,52762,338,34171,60,Unemployed,0
20,28259,359,14180,48,Employed,0
34,70139,620,28301,60,Unemployed,0
61,148775,734,37931,12,Unemployed,0
45,34849,707,25014,36,Unemployed,0
46,101768,685,31936,48,Employed,0
38,126108,377,15336,24,Employed,0
64,109709,493,23200,12,Unemployed,0
33,74869,584,6470,24,Employed,0
54,146888,826,31859,36,Self-Employed,0
37,83095,823,15953,24,Self-Employed,1
23,137886,455,40044,12,Employed,0
36,90910,639,39507,12,Employed,0
22,106710,424,28433,36,Employed,0
20,43567,579,26957,12,Employed,0
18,55292,427,7523,36,Employed,0
55,94813,613,22387,36,Employed,0
32,117136,631,48761,12,Employed,0
51,71631,449,32169,60,Employed,0
52,29885,753,46641,36,Self-Employed,0
66,79659,335,23990,12,Employed,0
42,74306,719,30661,60,Self-Employed,0
41,86314,321,14419,36,Self-Employed,0
29,85087,505,15457,60,Employed,0
35,49165,655,3064,48,Unemployed,0
32,78929,739,39083,48,Employed,0
61,87028,395,11566,60,Unemployed,0
33,115998,463,34085,36,Employed,0
44,69812,447,32528,12,Employed,0
25,70500,829,7130,24,Employed,1
63,99151,593,41187,12,Employed,0
42,78643,494,3042,24,Employed,0
34,64900,779,5598,24,Employed,1
46,62946,422,43982,36,Employed,0
25,27851,699,33886,60,Employed,0
32,36288,751,34477,12,Employed,0
44,92692,403,49625,60,Employed,0
63,87580,761,29716,48,Employed,1
67,27368,695,13601,36,Employed,0
69,105436,636,37018,36,Self-Employed,0
24,116136,441,9061,48,Employed,0
20,66403,616,9609,12,Unemployed,0
